Workbook

Sheet Library
A1: NOMADS Library Worksheet
A2: Date: | F2: (YYYY-MM-DD)
A3: User Initials: | F3: (first last)
A4: Study / Project:
A5: Exp Number: | F5: (user created three digit ID)
A6: Batch: | F6: (e.g. A, B or C etc)
A7: Exp Name: | C7: =IF(OR(ISBLANK(C2),ISBLANK(C3),ISBLANK(C4), ISBLANK(C5), ISBLANK(C6)),"",CONCATENATE(C2,"_",C3,C5,"_",C4,"_Batch",C6))
A9: Well | B9: Sample ID | C9: Sample Type | D9: PCR [DNA] (ng / µl) | E9: Barcode#
A10: A1 | E10: 01
A11: B1 | E11: 02
A12: C1 | E12: 03
A13: D1 | E13: 04
A14: E1 | E14: 05
A15: F1 | E15: 06
A16: G1 | E16: 07
A17: H1 | E17: 08
A18: A2 | E18: 09
A19: B2 | E19: 10
A20: C2 | E20: 11
A21: D2 | E21: 12
... A105: H12 | E105: 96

Sheet nomadic
A1: sample_id | B1: sample_type | C1: barcode | D1: post_pcr_dna_conc_ngul
A2: =IF(LEN(Library!B10)=0,"",Library!B10) | B2: =IF(LEN(Library!C10)=0,"",Library!C10) | C2: =IF(ISBLANK(Library!B10),"",CONCATENATE("barcode",Library!E10)) | D2: =IF(LEN(Library!D10)=0,"",Library!D10)
A3: =IF(LEN(Library!B11)=0,"",Library!B11) | B3: =IF(LEN(Library!C11)=0,"",Library!C11) | C3: =IF(ISBLANK(Library!B11),"",CONCATENATE("barcode",Library!E11)) | D3: =IF(LEN(Library!D11)=0,"",Library!D11)
A4: =IF(LEN(Library!B12)=0,"",Library!B12) | B4: =IF(LEN(Library!C12)=0,"",Library!C12) | C4: =IF(ISBLANK(Library!B12),"",CONCATENATE("barcode",Library!E12)) | D4: =IF(LEN(Library!D12)=0,"",Library!D12)
A5: =IF(LEN(Library!B13)=0,"",Library!B13) | B5: =IF(LEN(Library!C13)=0,"",Library!C13) | C5: =IF(ISBLANK(Library!B13),"",CONCATENATE("barcode",Library!E13)) | D5: =IF(LEN(Library!D13)=0,"",Library!D13)
A6: =IF(LEN(Library!B14)=0,"",Library!B14) | B6: =IF(LEN(Library!C14)=0,"",Library!C14) | C6: =IF(ISBLANK(Library!B14),"",CONCATENATE("barcode",Library!E14)) | D6: =IF(LEN(Library!D14)=0,"",Library!D14)
A7: =IF(LEN(Library!B15)=0,"",Library!B15) | B7: =IF(LEN(Library!C15)=0,"",Library!C15) | C7: =IF(ISBLANK(Library!B15),"",CONCATENATE("barcode",Library!E15)) | D7: =IF(LEN(Library!D15)=0,"",Library!D15)
A8: =IF(LEN(Library!B16)=0,"",Library!B16) | B8: =IF(LEN(Library!C16)=0,"",Library!C16) | C8: =IF(ISBLANK(Library!B16),"",CONCATENATE("barcode",Library!E16)) | D8: =IF(LEN(Library!D16)=0,"",Library!D16)
A9: =IF(LEN(Library!B17)=0,"",Library!B17) | B9: =IF(LEN(Library!C17)=0,"",Library!C17) | C9: =IF(ISBLANK(Library!B17),"",CONCATENATE("barcode",Library!E17)) | D9: =IF(LEN(Library!D17)=0,"",Library!D17)
A10: =IF(LEN(Library!B18)=0,"",Library!B18) | B10: =IF(LEN(Library!C18)=0,"",Library!C18) | C10: =IF(ISBLANK(Library!B18),"",CONCATENATE("barcode",Library!E18)) | D10: =IF(LEN(Library!D18)=0,"",Library!D18)
A11: =IF(LEN(Library!B19)=0,"",Library!B19) | B11: =IF(LEN(Library!C19)=0,"",Library!C19) | C11: =IF(ISBLANK(Library!B19),"",CONCATENATE("barcode",Library!E19)) | D11: =IF(LEN(Library!D19)=0,"",Library!D19)
A12: =IF(LEN(Library!B20)=0,"",Library!B20) | B12: =IF(LEN(Library!C20)=0,"",Library!C20) | C12: =IF(ISBLANK(Library!B20),"",CONCATENATE("barcode",Library!E20)) | D12: =IF(LEN(Library!D20)=0,"",Library!D20)
A13: =IF(LEN(Library!B21)=0,"",Library!B21) | B13: =IF(LEN(Library!C21)=0,"",Library!C21) | C13: =IF(ISBLANK(Library!B21),"",CONCATENATE("barcode",Library!E21)) | D13: =IF(LEN(Library!D21)=0,"",Library!D21)
... A97: =IF(LEN(Library!B105)=0,"",Library!B105) | B97: =IF(LEN(Library!C105)=0,"",Library!C105) | C97: =IF(ISBLANK(Library!B105),"",CONCATENATE("barcode",Library!E105)) | D97: =IF(LEN(Library!D105)=0,"",Library!D105)
