Workbook
Name Post_PCR_DNA_threshold_ngul: options!$B$1

Sheet Library
A1: NOMADS Library Worksheet
A2: Date: | C2: 2025-10-22 | F2: (YYYY-MM-DD)
A3: User Initials: | C3: TT | F3: (first last)
A4: Study / Project: | C4: TEST
A5: Exp Number: | C5: 1 | F5: (user defined experiment number)
A6: Batch: | C6: 1 | F6: (e.g. A, B, C etc)
A7: Exp Name: | C7: =IF(OR(ISBLANK(C2),ISBLANK(C3),ISBLANK(C4), ISBLANK(C5), ISBLANK(C6)),"",CONCATENATE(C2,"_",C3,TEXT(C5,"000"),"_",C4,"_Batch",C6)) -> 2025-10-22_TT001_TEST_Batch1 | F7: (save this as the filename)
A9: Well | B9: Sample ID | C9: Sample Type | D9: PCR [DNA] (ng / µl) | E9: Barcode
A10: A1 | B10: 3D7 (NB01) | C10: Field | D10: 1 | E10: 1 | F10: =IF(COUNTIF(tbl_SeqLib[Barcode],tbl_SeqLib[[#This Row],[Barcode]])>1,"DUPLICATE","")
A11: B1 | B11: Dd2 (NB02) | C11: Field | D11: 1 | E11: 2 | F11: =IF(COUNTIF(tbl_SeqLib[Barcode],tbl_SeqLib[[#This Row],[Barcode]])>1,"DUPLICATE","")
A12: C1 | B12: CamC580Y (NB03) | C12: Field | D12: 1 | E12: 3 | F12: =IF(COUNTIF(tbl_SeqLib[Barcode],tbl_SeqLib[[#This Row],[Barcode]])>1,"DUPLICATE","")
A13: D1 | B13: GB4 (NB04) | C13: Field | D13: 1 | E13: 4 | F13: =IF(COUNTIF(tbl_SeqLib[Barcode],tbl_SeqLib[[#This Row],[Barcode]])>1,"DUPLICATE","")
A14: E1 | B14: HB3 (NB05) | C14: Field | D14: 1 | E14: 5 | F14: =IF(COUNTIF(tbl_SeqLib[Barcode],tbl_SeqLib[[#This Row],[Barcode]])>1,"DUPLICATE","")
A15: F1 | E15: 6 | F15: =IF(COUNTIF(tbl_SeqLib[Barcode],tbl_SeqLib[[#This Row],[Barcode]])>1,"DUPLICATE","")
A16: G1 | E16: 7 | F16: =IF(COUNTIF(tbl_SeqLib[Barcode],tbl_SeqLib[[#This Row],[Barcode]])>1,"DUPLICATE","")
A17: H1 | E17: 8 | F17: =IF(COUNTIF(tbl_SeqLib[Barcode],tbl_SeqLib[[#This Row],[Barcode]])>1,"DUPLICATE","")
A18: A2 | E18: 9 | F18: =IF(COUNTIF(tbl_SeqLib[Barcode],tbl_SeqLib[[#This Row],[Barcode]])>1,"DUPLICATE","")
A19: B2 | E19: 10 | F19: =IF(COUNTIF(tbl_SeqLib[Barcode],tbl_SeqLib[[#This Row],[Barcode]])>1,"DUPLICATE","")
A20: C2 | E20: 11 | F20: =IF(COUNTIF(tbl_SeqLib[Barcode],tbl_SeqLib[[#This Row],[Barcode]])>1,"DUPLICATE","")
A21: D2 | E21: 12 | F21: =IF(COUNTIF(tbl_SeqLib[Barcode],tbl_SeqLib[[#This Row],[Barcode]])>1,"DUPLICATE","")
A22: E2 | E22: 13 | F22: =IF(COUNTIF(tbl_SeqLib[Barcode],tbl_SeqLib[[#This Row],[Barcode]])>1,"DUPLICATE","")
A23: F2 | E23: 14 | F23: =IF(COUNTIF(tbl_SeqLib[Barcode],tbl_SeqLib[[#This Row],[Barcode]])>1,"DUPLICATE","")
A24: G2 | E24: 15 | F24: =IF(COUNTIF(tbl_SeqLib[Barcode],tbl_SeqLib[[#This Row],[Barcode]])>1,"DUPLICATE","")
A25: H2 | E25: 16 | F25: =IF(COUNTIF(tbl_SeqLib[Barcode],tbl_SeqLib[[#This Row],[Barcode]])>1,"DUPLICATE","")
A26: A3 | E26: 17 | F26: =IF(COUNTIF(tbl_SeqLib[Barcode],tbl_SeqLib[[#This Row],[Barcode]])>1,"DUPLICATE","")
... A105: H12 | E105: 96 | F105: =IF(COUNTIF(tbl_SeqLib[Barcode],tbl_SeqLib[[#This Row],[Barcode]])>1,"DUPLICATE","")

Sheet Gel

Sheet nomadic
A1: sample_id | B1: sample_type | C1: barcode | D1: post_pcr_dna_conc_ngul
A2: =IF(LEN(Library!B10)=0,"",Library!B10) -> 3D7 (NB01) | B2: =IF(LEN(Library!C10)=0,"",Library!C10) -> Field | C2: =IF(OR(ISBLANK(Library!E10),ISBLANK(Library!B10)),"",CONCATENATE("barcode",TEXT(Library!E10,"00"))) -> barcode01 | D2: =IF(LEN(Library!D10)=0,"",Library!D10) -> 1
A3: =IF(LEN(Library!B11)=0,"",Library!B11) -> Dd2 (NB02) | B3: =IF(LEN(Library!C11)=0,"",Library!C11) -> Field | C3: =IF(OR(ISBLANK(Library!E11),ISBLANK(Library!B11)),"",CONCATENATE("barcode",TEXT(Library!E11,"00"))) -> barcode02 | D3: =IF(LEN(Library!D11)=0,"",Library!D11) -> 1
A4: =IF(LEN(Library!B12)=0,"",Library!B12) -> CamC580Y (NB03) | B4: =IF(LEN(Library!C12)=0,"",Library!C12) -> Field | C4: =IF(OR(ISBLANK(Library!E12),ISBLANK(Library!B12)),"",CONCATENATE("barcode",TEXT(Library!E12,"00"))) -> barcode03 | D4: =IF(LEN(Library!D12)=0,"",Library!D12) -> 1
A5: =IF(LEN(Library!B13)=0,"",Library!B13) -> GB4 (NB04) | B5: =IF(LEN(Library!C13)=0,"",Library!C13) -> Field | C5: =IF(OR(ISBLANK(Library!E13),ISBLANK(Library!B13)),"",CONCATENATE("barcode",TEXT(Library!E13,"00"))) -> barcode04 | D5: =IF(LEN(Library!D13)=0,"",Library!D13) -> 1
A6: =IF(LEN(Library!B14)=0,"",Library!B14) -> HB3 (NB05) | B6: =IF(LEN(Library!C14)=0,"",Library!C14) -> Field | C6: =IF(OR(ISBLANK(Library!E14),ISBLANK(Library!B14)),"",CONCATENATE("barcode",TEXT(Library!E14,"00"))) -> barcode05 | D6: =IF(LEN(Library!D14)=0,"",Library!D14) -> 1
A7: =IF(LEN(Library!B15)=0,"",Library!B15) | B7: =IF(LEN(Library!C15)=0,"",Library!C15) | C7: =IF(OR(ISBLANK(Library!E15),ISBLANK(Library!B15)),"",CONCATENATE("barcode",TEXT(Library!E15,"00"))) | D7: =IF(LEN(Library!D15)=0,"",Library!D15)
A8: =IF(LEN(Library!B16)=0,"",Library!B16) | B8: =IF(LEN(Library!C16)=0,"",Library!C16) | C8: =IF(OR(ISBLANK(Library!E16),ISBLANK(Library!B16)),"",CONCATENATE("barcode",TEXT(Library!E16,"00"))) | D8: =IF(LEN(Library!D16)=0,"",Library!D16)
A9: =IF(LEN(Library!B17)=0,"",Library!B17) | B9: =IF(LEN(Library!C17)=0,"",Library!C17) | C9: =IF(OR(ISBLANK(Library!E17),ISBLANK(Library!B17)),"",CONCATENATE("barcode",TEXT(Library!E17,"00"))) | D9: =IF(LEN(Library!D17)=0,"",Library!D17)
A10: =IF(LEN(Library!B18)=0,"",Library!B18) | B10: =IF(LEN(Library!C18)=0,"",Library!C18) | C10: =IF(OR(ISBLANK(Library!E18),ISBLANK(Library!B18)),"",CONCATENATE("barcode",TEXT(Library!E18,"00"))) | D10: =IF(LEN(Library!D18)=0,"",Library!D18)
A11: =IF(LEN(Library!B19)=0,"",Library!B19) | B11: =IF(LEN(Library!C19)=0,"",Library!C19) | C11: =IF(OR(ISBLANK(Library!E19),ISBLANK(Library!B19)),"",CONCATENATE("barcode",TEXT(Library!E19,"00"))) | D11: =IF(LEN(Library!D19)=0,"",Library!D19)
A12: =IF(LEN(Library!B20)=0,"",Library!B20) | B12: =IF(LEN(Library!C20)=0,"",Library!C20) | C12: =IF(OR(ISBLANK(Library!E20),ISBLANK(Library!B20)),"",CONCATENATE("barcode",TEXT(Library!E20,"00"))) | D12: =IF(LEN(Library!D20)=0,"",Library!D20)
A13: =IF(LEN(Library!B21)=0,"",Library!B21) | B13: =IF(LEN(Library!C21)=0,"",Library!C21) | C13: =IF(OR(ISBLANK(Library!E21),ISBLANK(Library!B21)),"",CONCATENATE("barcode",TEXT(Library!E21,"00"))) | D13: =IF(LEN(Library!D21)=0,"",Library!D21)
... A97: =IF(LEN(Library!B105)=0,"",Library!B105) | B97: =IF(LEN(Library!C105)=0,"",Library!C105) | C97: =IF(OR(ISBLANK(Library!E105),ISBLANK(Library!B105)),"",CONCATENATE("barcode",TEXT(Library!E105,"00"))) | D97: =IF(LEN(Library!D105)=0,"",Library!D105)

Sheet options
A1: Post PCR DNA threshold (ng / µl) | B1: 15
A4: sample_type
A5: Field
A6: Positive
A7: Negative

Sheet Instructions
A1: Instructions
A2: This template is used to record experimental details as part of a sequencing run.
A3: To prevent inadvertent loss of data, cells are protected from editing, you can only select unlocked cells (use tab to navigate)
A5: 1. Enter all details into the 'Library' tab, ensuring all yellow highlighted cells are complete
A6: - when copying from another worksheet, always right-click and paste VALUES:
A7: 2. Paste gel picture into the 'Gel' tab and label lanes
A8: - Crop the image to just the relevent areas (Select image > Picture format (ribbon) > Crop):
A9: - Compress the gel picture (Select image > Picture format (ribbon) > Compress Pictures):
A10: - Copy sample list from 'Library' tab (Paste Special with Transpose to converting from list to row format):
A11: - Resize column width to the same as the gel image lane width
A12: 3. Save workbook with the generated filename
